Feature,Coefficient
bathrooms,1094444.7861005957
airconditioning_yes,791426.7358431868
hotwaterheating_yes,684649.8853387912
prefarea_yes,629890.5653133605
furnishingstatus_unfurnished,-413645.062228222
stories,407476.59498491115
basement_yes,390251.17618109327
mainroad_yes,367919.9476795722
guestroom_yes,231610.0371756495
parking,224841.91327662673
furnishingstatus_semi-furnished,-126881.81758510851
bedrooms,76778.7016343784
area,235.9688045413957
